Method Data,,,,,,
Method name,Panopea,,,,,
Method ID,7,,,,,
Method version,6,,,,,
Method Internal ID,M44,,,,,
Release State,Released,,,,,
Type,TitrationGeneral,,,,,
,,,,,,
Table of Measured Values,,,,,,
Task,T1515,,,,,
Scope 1/1, Sample 1/3 (JUNK),,,,,
Result,TitrationEP1,,,,,
V,t,E,T,dV/dt,E acc. stat.,Volume acc. stat.
0,0,-58.6,17.3,NaN,,
0.001,1,-59.1,17.3,0.001,,
0.0025,2,-59.2,17.3,0.0015,,
0.005,3,-59.2,17.3,0.0025,,
0.009,4,-59.2,17.3,0.0035,,
0.015,5,-58.9,17.3,0.0055,,
0.0235,6,-58.4,17.3,0.0075,,
0.032,7,-57.5,17.3,0.0075,,
0.0405,8,-56.5,17.3,0.0085,,
0.048,9,-55.3,17.3,0.007,,
0.0565,10,-53.9,17.3,0.0075,,
0.065,11,-52.4,17.3,0.0075,,
0.0735,12,-50.8,17.3,0.0075,,
0.082,13,-49,17.3,0.0075,,
0.0895,14,-47.3,17.3,0.0075,,
0.098,15,-45.3,17.3,0.0075,,
0.106,16,-43,17.3,0.0075,,
0.1145,17,-40.5,17.3,0.0075,,
0.123,18,-37.9,17.3,0.0075,,
0.1315,19,-35,17.3,0.0075,,
0.14,20,-32.3,17.3,0.0085,,
0.1475,21,-29.1,17.3,0.007,,
0.156,22,-25.7,17.3,0.0075,,
0.164,23,-22.4,17.3,0.0075,,
0.1725,24,-19.3,17.3,0.0075,,
0.181,25,-16.3,17.4,0.0075,,
0.1895,26,-13.7,17.4,0.0075,,
0.197,27,-11.5,17.4,0.007,,
0.2055,28,-9.6,17.4,0.0075,,
0.214,29,-7.7,17.4,0.0075,,
0.2225,30,-6.1,17.4,0.0075,,
0.2305,31,-4.5,17.4,0.0075,,
0.239,32,-2.9,17.4,0.0075,,
0.2465,33,-1.3,17.4,0.0075,,
0.255,34,-0.1,17.4,0.0075,,
0.2635,35,0.7,17.4,0.0075,,
0.272,36,1.8,17.4,0.0075,,
0.2805,37,2.9,17.4,0.0075,,
0.289,38,3.8,17.4,0.0085,,
0.2965,39,4.8,17.4,0.007,,
0.305,40,5.7,17.4,0.0075,,
0.313,41,6.6,17.4,0.0075,,
0.3215,42,7.5,17.4,0.0075,,
0.33,43,8.4,17.4,0.0075,,
0.3385,44,9.4,17.4,0.0075,,
0.346,45,10.2,17.4,0.007,,
0.3545,46,11.2,17.4,0.0075,,
0.363,47,12.1,17.4,0.0075,,
0.3715,48,13,17.4,0.0075,,
0.38,49,13.9,17.4,0.0075,,
0.388,50,14.7,17.4,0.008,,
0.396,51,15.5,17.4,0.0075,,
0.404,52,16.2,17.4,0.0075,,
0.4125,53,17,17.4,0.0075,,
0.421,54,17.8,17.4,0.0075,,
0.4295,55,18.6,17.4,0.0075,,
0.437,56,19.3,17.4,0.0075,,
0.4455,57,20,17.4,0.0075,,
0.454,58,20.8,17.4,0.0075,,
0.4625,59,21.6,17.4,0.0075,,
0.471,60,22.3,17.4,0.0075,,
0.479,61,23.1,17.4,0.0075,,
0.487,62,23.8,17.4,0.0075,,
0.495,63,24.6,17.4,0.0075,,
0.5035,64,25.3,17.4,0.0075,,
0.512,65,26.1,17.4,0.0075,,
0.5205,66,26.8,17.4,0.0075,,
0.529,67,27.5,17.4,0.0075,,
0.5365,68,28.2,17.4,0.0075,,
0.545,69,29,17.4,0.0075,,
0.5535,70,29.8,17.4,0.0075,,
0.5615,71,30.6,17.4,0.0075,,
0.57,72,31.3,17.4,0.0075,,
0.5785,73,32,17.4,0.0075,,
0.586,74,32.7,17.4,0.007,,
0.5945,75,33.4,17.4,0.0075,,
0.603,76,34.1,17.4,0.0075,,
0.6115,77,34.9,17.4,0.0075,,
0.62,78,35.7,17.5,0.0075,,
0.628,79,36.4,17.5,0.0075,,
0.636,80,37,17.5,0.008,,
0.644,81,37.8,17.5,0.0075,,
0.6525,82,38.6,17.5,0.0075,,
0.661,83,39.4,17.5,0.0075,,
0.6695,84,40.1,17.5,0.0075,,
0.678,85,40.8,17.5,0.0085,,
0.6855,86,41.5,17.5,0.007,,
0.694,87,42.3,17.5,0.0075,,
0.7025,88,43,17.5,0.0075,,
0.7105,89,43.8,17.5,0.0075,,
0.719,90,44.6,17.5,0.0075,,
0.7275,91,45.4,17.5,0.0075,,
0.735,92,46.2,17.5,0.0075,,
0.7435,93,46.9,17.5,0.0075,,
0.752,94,47.6,17.5,0.0075,,
0.7605,95,48.4,17.5,0.0075,,
0.769,96,49.2,17.5,0.0075,,
0.7775,97,49.8,17.5,0.0075,,
0.785,98,50.6,17.5,0.0075,,
0.793,99,51.4,17.5,0.0075,,
0.8015,100,52.1,17.5,0.0075,,
0.81,101,52.9,17.5,0.0075,,
0.8185,102,53.7,17.5,0.0075,,
0.827,103,54.6,17.5,0.0075,,
0.8345,104,55.2,17.5,0.0075,,
0.843,105,56,17.5,0.0075,,
0.8515,106,56.7,17.5,0.0075,,
0.8595,107,57.6,17.5,0.0075,,
0.868,108,58.4,17.5,0.0075,,
0.8765,109,59.2,17.5,0.0075,,
0.884,110,59.9,17.5,0.0075,,
0.8925,111,60.8,17.5,0.0075,,
0.901,112,61.6,17.5,0.0075,,
0.9095,113,62.5,17.5,0.0075,,
0.918,114,63.5,17.5,0.0075,,
0.9265,115,64.4,17.5,0.0085,,
0.934,116,65.3,17.5,0.007,,
0.9425,117,66.1,17.5,0.0075,,
0.9505,118,67,17.5,0.0075,,
0.959,119,67.9,17.5,0.0075,,
0.9675,120,68.9,17.5,0.0075,,
0.975,121,69.8,17.5,0.0075,,
0.9835,122,70.7,17.5,0.0075,,
0.992,123,71.8,17.5,0.0075,,
1.0005,124,72.8,17.5,0.0075,,
1.009,125,73.7,17.5,0.0075,,
1.0175,126,74.7,17.5,0.0075,,
1.025,127,75.6,17.5,0.0075,,
1.0335,128,76.8,17.5,0.0075,,
1.042,129,77.8,17.5,0.0075,,
1.05,130,78.9,17.5,0.0075,,
1.0585,131,80,17.5,0.0075,,
1.067,132,81.1,17.5,0.0085,,
1.0745,133,82.3,17.5,0.007,,
1.083,134,83.7,17.6,0.0075,,
1.0915,135,84.9,17.6,0.0075,,
1.1,136,86.2,17.5,0.0075,,
1.1085,137,87.7,17.6,0.0075,,
1.1165,138,88.8,17.6,0.008,,
1.1245,139,90.2,17.6,0.0075,,
1.1325,140,91.9,17.6,0.0075,,
1.141,141,93.5,17.6,0.0075,,
1.1495,142,95.1,17.6,0.0075,,
1.158,143,96.7,17.6,0.0075,,
1.1665,144,98.1,17.6,0.0085,,
1.174,145,99.9,17.6,0.007,,
1.1825,146,101.6,17.6,0.0075,,
1.191,147,103.7,17.6,0.0075,,
1.199,148,105.7,17.6,0.0075,,
1.2075,149,108,17.6,0.0075,,
1.216,150,110.3,17.6,0.0075,,
1.2235,151,112.6,17.6,0.007,,
1.232,152,115.3,17.6,0.0075,,
1.2405,153,118.1,17.6,0.0075,,
1.249,154,120.8,17.6,0.0075,,
1.2575,155,123.9,17.6,0.0075,,
1.2655,156,127,17.6,0.008,,
1.2735,157,130.5,17.6,0.0075,,
1.2815,158,134,17.6,0.0075,,
1.29,159,137.7,17.6,0.0075,,
1.2985,160,141.3,17.6,0.0075,,
1.307,161,145.1,17.6,0.0075,,
1.3155,162,148.7,17.6,0.0075,,
1.323,163,152.1,17.6,0.0075,,
1.3315,164,155.4,17.6,0.0075,,
1.34,165,158.8,17.6,0.0075,,
1.348,166,161.8,17.6,0.0075,,
1.3565,167,164.7,17.6,0.0075,,
1.365,168,167.7,17.6,0.0075,,
1.3725,169,169.8,17.6,0.007,,
1.381,170,172.1,17.6,0.0075,,
1.3895,171,174.3,17.6,0.0075,,
1.398,172,176.3,17.6,0.0075,,
1.4065,173,178.4,17.6,0.0075,,
1.415,174,180.3,17.6,0.0075,,
1.4225,175,181.8,17.6,0.007,,
1.4305,176,183.4,17.6,0.0075,,
1.439,177,185,17.6,0.0075,,
1.442,178,185.1,17.6,0.006,,
1.442,418,188.6,17.9,0,,
1.4425,419,188.6,17.9,0.001,,
1.444,420,188.6,17.9,0.0025,,
1.4465,421,188.7,17.9,0.004,,
1.4505,422,189,17.9,0.0055,,
1.457,423,189.6,17.9,0.0095,,
1.4655,424,190.4,17.9,0.012,,
1.473,425,191.4,17.9,0.0125,,
1.4815,426,192.6,17.9,0.014,,
1.49,427,193.6,17.9,0.014,,
1.4985,428,194.6,17.9,0.012,,
1.5065,429,195.6,17.9,0.0115,,
1.515,430,196.5,17.9,0.012,,
1.5225,431,197.4,17.9,0.0125,,
1.531,432,198.3,17.9,0.014,,
1.5395,433,199.2,17.9,0.012,,
1.548,434,200,17.9,0.012,,
1.5565,435,200.8,17.9,0.012,,
1.565,436,201.6,17.9,0.012,,
1.5725,437,202.2,17.9,0.0125,,
1.581,438,202.9,17.9,0.014,,
1.589,439,203.6,17.9,0.0135,,
1.5975,440,204.4,17.9,0.012,,
1.606,441,205,17.9,0.012,,
1.6145,442,205.7,17.9,0.012,,
1.622,443,206.4,17.9,0.0125,,
1.6305,444,207,17.9,0.014,,
1.639,445,207.6,17.9,0.012,,
1.6475,446,208.1,17.9,0.012,,
1.656,447,208.7,17.9,0.012,,
1.6635,448,209.2,17.9,0.0125,,
1.672,449,209.8,17.9,0.014,,
1.68,450,210.3,17.9,0.0135,,
1.6885,451,210.9,17.9,0.012,,
1.697,452,211.4,17.9,0.012,,
1.7055,453,211.9,17.9,0.012,,
1.713,454,212.4,17.9,0.0125,,
1.7215,455,212.9,17.9,0.014,,
1.73,456,213.4,17.9,0.014,,
1.7385,457,213.9,18,0.012,,
1.747,458,214.3,18,0.012,,
1.755,459,214.8,18,0.0115,,
1.7625,460,215.3,18,0.0125,,
1.771,461,215.7,18,0.014,,
1.7795,462,216.2,18,0.014,,
1.788,463,216.5,18,0.012,,
1.7965,464,217,18,0.012,,
1.805,465,217.4,18,0.012,,
1.8125,466,217.7,18,0.0125,,
1.821,467,218.2,18,0.014,,
1.8295,468,218.6,18,0.014,,
1.8375,469,219,18,0.0115,,
1.846,470,219.4,18,0.012,,
1.8545,471,219.8,18,0.012,,
1.862,472,220,18,0.0125,,
1.8705,473,220.4,18,0.014,,
1.879,474,220.8,18,0.012,,
1.8875,475,221.1,18,0.012,,
1.896,476,221.5,18,0.012,,
1.904,477,221.8,18,0.0115,,
1.912,478,222.2,18,0.0135,,
1.9205,479,222.5,18,0.014,,
1.9285,480,222.8,18,0.0115,,
1.937,481,223.2,18,0.012,,
1.9455,482,223.5,18,0.012,,
1.954,483,223.8,18,0.012,,
1.9615,484,224.1,18,0.0125,,
1.97,485,224.4,18,0.014,,
1.9785,486,224.7,18,0.014,,
1.9865,487,225,18,0.0115,,
1.995,488,225.4,18,0.012,,
2.0035,489,225.6,18,0.012,,
2.011,490,226,18,0.0125,,
2.0195,491,226.2,18,0.014,,
2.028,492,226.5,18,0.014,,
2.0365,493,226.8,18,0.012,,
2.045,494,227.1,18,0.012,,
2.0535,495,227.3,18,0.012,,
2.061,496,227.5,18,0.0125,,
2.069,497,227.9,18,0.0135,,
2.0775,498,228.1,18,0.014,,
2.086,499,228.3,18,0.012,,
2.0945,500,228.6,18,0.012,,
2.103,501,228.9,18,0.012,,
2.1105,502,229.2,18,0.0125,,
2.119,503,229.4,18,0.014,,
2.1275,504,229.6,18,0.014,,
2.1355,505,229.8,18,0.0115,,
2.144,506,230.1,18,0.012,,
2.1525,507,230.4,18,0.012,,
2.16,508,230.6,18,0.0125,,
2.1685,509,230.8,18,0.014,,
2.177,510,231.1,18,0.014,,
2.1855,511,231.3,18,0.012,,
2.194,512,231.5,18,0.012,,
2.2025,513,231.8,18,0.014,,
2.21,514,232,18,0.0125,,
2.2185,515,232.3,18,0.014,,
2.2265,516,232.6,18,0.0115,,
2.235,517,232.7,18,0.012,,
2.2435,518,233,18,0.012,,
2.252,519,233.1,18,0.014,,
2.2595,520,233.4,18,0.0125,,
2.268,521,233.6,18,0.014,,
2.2765,522,233.8,18,0.012,,
2.285,523,234,18,0.012,,
2.293,524,234.2,18,0.0115,,
2.299,525,234.4,18,0.01,,
2.302,526,234.5,18.1,0.005,,
2.3025,527,234.6,18,0.001,,
2.304,528,234.6,18,0.002,,
2.306,529,234.6,18.1,0.003,,
2.309,530,234.7,18.1,0.0045,,
2.313,531,234.8,18.1,0.0065,,
2.318,532,235,18.1,0.0085,,
2.3235,532,235,18.1,0.011,,
Scope 1/1, Sample 2/3 (CRM1),,,,,
Result,TitrationEP1,,,,,
V,t,E,T,dV/dt,E acc. stat.,Volume acc. stat.
0,0,-62.3,19.8,NaN,,
0.0005,1,-62.6,19.8,0.0005,,
0.0025,2,-62.6,19.8,0.002,,
0.005,3,-62.6,19.8,0.0025,,
0.009,4,-62.5,19.8,0.0035,,
0.0155,5,-62.2,19.8,0.0055,,
0.024,6,-61.7,19.8,0.007,,
0.0315,7,-61,19.8,0.007,,
0.04,8,-59.9,19.8,0.0075,,
0.0485,9,-58.8,19.8,0.007,,
0.0565,10,-57.5,19.8,0.0065,,
0.065,11,-56.3,19.8,0.007,,
0.0735,12,-55,19.8,0.0075,,
0.081,13,-53.5,19.8,0.007,,
0.0895,14,-51.8,19.8,0.0075,,
0.098,15,-50.1,19.8,0.007,,
0.1065,16,-48.3,19.8,0.007,,
0.115,17,-46.4,19.8,0.007,,
0.123,18,-44.4,19.8,0.0075,,
0.131,19,-42.1,19.8,0.0075,,
0.139,20,-39.7,19.8,0.0075,,
0.1475,21,-37,19.8,0.007,,
0.156,22,-34.2,19.8,0.007,,
0.1645,23,-31.1,19.8,0.007,,
0.173,24,-28.4,19.8,0.0075,,
0.1805,25,-25.1,19.8,0.007,,
0.189,26,-21.9,19.8,0.0075,,
0.197,27,-18.8,19.8,0.0065,,
0.2055,28,-16,19.8,0.007,,
0.214,29,-13.4,19.8,0.007,,
0.2225,30,-11.1,19.8,0.007,,
0.23,31,-9.4,19.8,0.007,,
0.2385,32,-7.4,19.8,0.0075,,
0.247,33,-5.8,19.8,0.0075,,
0.2555,34,-4.2,19.8,0.007,,
0.2635,35,-2.5,19.8,0.0065,,
0.272,36,-0.6,19.8,0.007,,
0.2795,37,0,19.8,0.007,,
0.288,38,1,19.8,0.0075,,
0.2965,39,2.2,19.8,0.0075,,
0.305,40,3.2,19.8,0.007,,
0.3135,41,4.3,19.8,0.007,,
0.322,42,5.3,19.8,0.007,,
0.3295,43,6.2,19.8,0.007,,
0.338,44,7.1,19.8,0.0075,,
0.3465,45,8.1,19.8,0.007,,
0.3545,46,9.1,19.8,0.0065,,
0.363,47,10.1,19.8,0.007,,
0.3715,48,11.1,19.8,0.007,,
0.379,49,12,19.8,0.007,,
0.3875,50,12.8,19.8,0.0075,,
0.396,51,13.8,19.8,0.007,,
0.4045,52,14.7,19.8,0.007,,
0.413,53,15.5,19.8,0.007,,
0.421,54,16.3,19.8,0.0075,,
0.429,55,17.1,19.8,0.0075,,
0.437,56,17.9,19.8,0.0075,,
0.4455,57,18.7,19.8,0.007,,
0.454,58,19.6,19.8,0.007,,
0.4625,59,20.5,19.8,0.007,,
0.471,60,21.2,19.8,0.0075,,
0.4785,61,22,19.8,0.007,,
0.487,62,22.9,19.8,0.0075,,
0.4955,63,23.6,19.8,0.007,,
0.504,64,24.4,19.8,0.007,,
0.512,65,25.2,19.8,0.0065,,
0.5205,66,26,19.8,0.0075,,
0.528,67,26.8,19.8,0.007,,
0.5365,68,27.6,19.8,0.0075,,
0.545,69,28.4,19.8,0.007,,
0.5535,70,29.2,19.8,0.007,,
0.562,71,30.1,19.8,0.007,,
0.5695,72,30.7,19.8,0.007,,
0.578,73,31.5,19.8,0.0075,,
0.5865,74,32.2,19.8,0.0075,,
0.5945,75,33,19.8,0.0065,,
0.603,76,33.7,19.8,0.007,,
0.6115,77,34.4,19.8,0.007,,
0.619,78,35.2,19.8,0.007,,
0.6275,79,35.9,19.8,0.0075,,
0.636,80,36.7,19.8,0.007,,
0.6445,81,37.5,19.8,0.007,,
0.653,82,38.2,19.8,0.007,,
0.6615,83,38.9,19.8,0.0075,,
0.669,84,39.7,19.8,0.007,,
0.6775,85,40.5,19.8,0.0075,,
0.6855,86,41.2,19.8,0.0065,,
0.694,87,42,19.8,0.007,,
0.7025,88,42.8,19.8,0.007,,
0.711,89,43.6,19.8,0.007,,
0.7185,90,44.4,19.8,0.007,,
0.727,91,45.2,19.8,0.0075,,
0.7355,92,45.9,19.8,0.007,,
0.744,93,46.8,19.8,0.007,,
0.7525,94,47.6,19.8,0.007,,
0.76,95,48.3,19.8,0.007,,
0.7685,96,49.1,19.8,0.0075,,
0.7765,97,49.9,19.8,0.0075,,
0.785,98,50.8,19.8,0.007,,
0.7935,99,51.6,19.8,0.007,,
0.802,100,52.3,19.8,0.007,,
0.8095,101,53.1,19.8,0.007,,
0.818,102,53.8,19.8,0.0075,,
0.8265,103,54.7,19.8,0.0075,,
0.835,104,55.5,19.8,0.007,,
0.843,105,56.3,19.8,0.0065,,
0.8515,106,57.2,19.8,0.007,,
0.8595,107,58,19.8,0.0075,,
0.8675,108,58.9,19.8,0.0075,,
0.876,109,59.8,19.8,0.007,,
0.8845,110,60.5,19.8,0.007,,
0.893,111,61.4,19.8,0.007,,
0.9015,112,62.3,19.8,0.007,,
0.9095,113,63.1,19.8,0.0075,,
0.9175,114,63.9,19.8,0.0075,,
0.9255,115,64.8,19.8,0.0075,,
0.934,116,65.7,19.8,0.007,,
0.9425,117,66.7,19.8,0.007,,
0.951,118,67.6,19.8,0.007,,
0.9585,119,68.4,19.8,0.007,,
0.967,120,69.5,19.8,0.0075,,
0.9755,121,70.4,19.8,0.0075,,
0.984,122,71.3,19.8,0.007,,
0.9925,123,72.4,19.8,0.007,,
1.0005,124,73.4,19.8,0.0065,,
1.0085,125,74.4,19.8,0.0075,,
1.0165,126,75.5,19.8,0.0075,,
1.025,127,76.6,19.8,0.007,,
1.0335,128,77.8,19.8,0.007,,
1.042,129,78.8,19.8,0.007,,
1.0505,130,79.8,19.8,0.0075,,
1.058,131,81,19.8,0.007,,
1.0665,132,82.2,19.8,0.007,,
1.075,133,83.4,19.8,0.007,,
1.0835,134,84.6,19.9,0.007,,
1.0915,135,85.9,19.9,0.0065,,
1.1,136,87.3,19.9,0.007,,
1.1075,137,88.5,19.9,0.007,,
1.116,138,90,19.9,0.0075,,
1.1245,139,91.5,19.9,0.007,,
1.133,140,93,19.9,0.007,,
1.1415,141,94.6,19.9,0.007,,
1.15,142,96.2,19.9,0.007,,
1.1575,143,97.6,19.9,0.007,,
1.166,144,99.7,19.9,0.0075,,
1.174,145,101.6,19.9,0.0065,,
1.1825,146,103.5,19.9,0.007,,
1.191,147,105.4,19.9,0.007,,
1.1995,148,107.6,19.9,0.007,,
1.207,149,109.6,19.9,0.007,,
1.2155,150,112.1,19.9,0.0075,,
1.224,151,114.7,19.9,0.0075,,
1.232,152,117.2,19.9,0.0065,,
1.2405,153,120.5,19.9,0.007,,
1.249,154,123.5,19.9,0.007,,
1.2565,155,126.7,19.9,0.007,,
1.265,156,130,19.9,0.0075,,
1.2735,157,133.4,19.9,0.0075,,
1.282,158,137.1,19.9,0.007,,
1.2905,159,140.7,19.9,0.007,,
1.2985,160,144.4,19.9,0.0065,,
1.3065,161,147.9,19.9,0.0075,,
1.3145,162,151.4,19.9,0.0075,,
1.323,163,155,19.9,0.0075,,
1.3315,164,158.4,19.9,0.007,,
1.34,165,161.7,19.9,0.007,,
1.3485,166,164.6,19.9,0.007,,
1.356,167,167.2,19.9,0.007,,
1.3645,168,169.8,19.9,0.0075,,
1.373,169,172.2,19.9,0.0075,,
1.3815,170,174.4,19.9,0.007,,
1.3895,171,176.5,19.9,0.0065,,
1.398,172,178.5,19.9,0.007,,
1.4065,173,180.2,19.9,0.0075,,
1.414,174,181.9,19.9,0.007,,
1.4225,175,183.6,19.9,0.0075,,
1.432,176,185,19.9,0.0075,,
1.432,416,188.6,20,0,,
1.4325,417,188.7,20,0.0005,,
1.434,418,188.6,20,0.001,,
1.4365,420,188.7,20,0.0015,,
1.441,420,189.1,20,0.009,,
1.447,422,189.6,20,0.004,,
1.4555,422,190.4,20,0.021,,
1.463,423,191.6,20,0.0055,,
1.4715,424,192.8,20,0.006,,
1.48,425,193.7,20,0.006,,
1.4885,426,194.8,20,0.0055,,
1.4965,428,195.8,20,0.0055,,
1.505,428,196.8,20,0.017,,
1.5125,429,197.8,20,0.0055,,
1.521,430,198.6,20,0.006,,
1.5295,432,199.4,20,0.0055,,
1.538,432,200.4,20,0.017,,
1.5465,434,201.2,20,0.0055,,
1.555,434,201.9,20,0.017,,
1.5625,435,202.7,20,0.0055,,
1.571,436,203.5,20,0.006,,
1.579,438,204.2,20,0.0055,,
1.5875,438,204.9,20,0.017,,
1.596,440,205.6,20,0.0055,,
1.6045,440,206.1,20,0.021,,
1.612,441,206.8,20,0.0055,,
1.6205,442,207.5,20,0.006,,
1.629,444,208.1,20,0.0055,,
1.6375,444,208.7,20,0.017,,
1.646,446,209.3,20,0.0055,,
1.654,446,209.9,20,0.016,,
1.6615,447,210.5,20,0.0055,,
1.67,448,211,20,0.006,,
1.6785,449,211.5,20,0.006,,
1.687,450,212.1,20,0.0055,,
1.6955,452,212.7,20,0.0055,,
1.704,452,213.1,20,0.017,,
1.7115,453,213.6,20,0.0055,,
1.72,454,214.1,20,0.006,,
1.7285,456,214.6,20,0.0055,,
1.7365,456,215.1,20,0.016,,
1.745,458,215.5,20,0.0055,,
1.7535,458,216,20,0.017,,
1.761,459,216.4,20,0.0055,,
1.7695,460,216.8,20,0.006,,
1.778,461,217.3,20,0.006,,
1.7865,462,217.7,20,0.0055,,
1.7945,464,218.2,20,0.0055,,
1.803,464,218.6,20,0.021,,
1.811,465,219,20,0.0055,,
1.819,466,219.4,20,0.0055,,
1.8275,468,219.8,20,0.0055,,
1.836,468,220.2,20,0.017,,
1.8445,470,220.5,20,0.0055,,
1.853,470,221,20,0.017,,
1.8605,471,221.3,20,0.0055,,
1.869,472,221.6,20,0.006,,
1.8775,474,222,20,0.0055,,
1.8855,474,222.4,20,0.016,,
1.894,476,222.7,20,0.0055,,
1.9025,476,223,20,0.021,,
1.91,477,223.4,20,0.0055,,
1.9185,478,223.7,20,0.006,,
1.927,480,224,20,0.0055,,
1.9355,480,224.4,20,0.017,,
1.944,482,224.7,20,0.0055,,
1.952,482,225,20,0.02,,
1.96,483,225.4,20,0.0055,,
1.968,484,225.7,20,0.0055,,
1.9765,485,225.9,20,0.006,,
1.985,486,226.3,20,0.0055,,
1.9935,488,226.5,20,0.0055,,
2.002,488,226.8,20,0.017,,
2.0095,489,227,20,0.0055,,
2.018,490,227.3,20,0.006,,
2.026,491,227.7,20,0.0055,,
2.0345,492,228,20,0.0055,,
2.043,494,228.3,20,0.0055,,
2.0515,494,228.5,20,0.017,,
2.059,495,228.8,20,0.0055,,
2.0675,496,229.1,20,0.006,,
2.076,497,229.3,20,0.006,,
2.0845,498,229.6,20,0.0055,,
2.093,500,229.9,20,0.0055,,
2.101,500,230.2,20,0.016,,
2.109,501,230.4,20,0.0055,,
2.117,502,230.7,20,0.0055,,
2.1255,504,230.9,20,0.006,,
2.134,504,231.2,20,0.017,,
2.1425,506,231.4,20,0.0055,,
2.151,506,231.6,20,0.021,,
2.1585,507,231.9,20,0.0055,,
2.167,508,232.2,20,0.006,,
2.1755,510,232.4,20,0.0055,,
2.1835,510,232.6,20,0.016,,
2.192,512,232.8,20,0.0055,,
2.2005,512,233,20,0.021,,
2.208,513,233.2,20,0.0055,,
2.2165,514,233.4,20,0.006,,
2.225,516,233.6,20,0.0055,,
2.2335,516,233.9,20,0.017,,
2.2415,518,234.2,20,0.0055,,
2.246,518,234.4,20,0.009,,
2.248,519,234.5,20,0.0015,,
2.25,520,234.5,20,0.0015,,
2.252,522,234.6,20,0.0015,,
2.255,522,234.7,20,0.006,,
2.2595,524,234.7,20,0.003,,
2.265,524,234.8,20,0.011,,
2.2705,526,235,20,0.003,,
Scope 1/1, Sample 3/3 (CRM2),,,,,
Result,TitrationEP1,,,,,
V,t,E,T,dV/dt,E acc. stat.,Volume acc. stat.
0,0,-62.4,19.9,NaN,,
0.001,1,-62.6,19.9,0.001,,
0.0025,2,-62.7,19.9,0.0015,,
0.005,3,-62.6,19.9,0.0025,,
0.0085,4,-62.5,19.9,0.003,,
0.015,5,-62.2,19.9,0.006,,
0.023,6,-61.8,19.9,0.0075,,
0.0315,7,-60.9,19.9,0.0075,,
0.04,8,-59.9,19.9,0.0075,,
0.0475,9,-58.9,19.9,0.0075,,
0.056,10,-57.6,19.9,0.0075,,
0.0645,11,-56.3,19.9,0.0075,,
0.073,12,-54.9,19.9,0.0075,,
0.081,13,-53.4,19.9,0.0075,,
0.0895,14,-51.8,19.9,0.0075,,
0.097,15,-50.3,19.9,0.007,,
0.1055,16,-48.4,19.9,0.0075,,
0.114,17,-46.4,19.9,0.0075,,
0.1225,18,-44.3,19.9,0.0075,,
0.131,19,-41.9,19.9,0.0075,,
0.1395,20,-39.5,19.9,0.0075,,
0.147,21,-37.2,19.9,0.007,,
0.155,22,-34.4,19.9,0.0075,,
0.1635,23,-31.4,19.9,0.0075,,
0.172,24,-28.2,19.9,0.0075,,
0.1805,25,-24.8,19.9,0.0075,,
0.189,26,-21.6,19.9,0.0075,,
0.1965,27,-18.7,19.9,0.0075,,
0.205,28,-15.8,19.9,0.0075,,
0.2135,29,-13.4,19.9,0.0075,,
0.222,30,-11.3,19.9,0.0075,,
0.23,31,-9.4,19.9,0.0075,,
0.2385,32,-7.5,19.9,0.0075,,
0.246,33,-6,19.9,0.0075,,
0.2545,34,-4.6,19.9,0.0075,,
0.263,35,-3,19.9,0.0075,,
0.2715,36,-1.3,19.9,0.0075,,
0.28,37,0,19.9,0.0075,,
0.2885,38,0.7,19.9,0.0075,,
0.296,39,1.8,19.9,0.007,,
0.3045,40,2.8,19.9,0.0075,,
0.313,41,3.9,19.9,0.0075,,
0.321,42,4.9,19.9,0.0075,,
0.3295,43,6,19.9,0.0075,,
0.338,44,6.6,19.9,0.0085,,
0.3455,45,7.8,19.9,0.007,,
0.354,46,8.6,19.9,0.0075,,
0.3625,47,9.6,19.9,0.0075,,
0.371,48,10.6,19.9,0.0075,,
0.3795,49,11.6,19.9,0.0075,,
0.387,50,12.6,19.9,0.0075,,
0.3955,51,13.4,19.9,0.0075,,
0.4035,52,14.4,19.9,0.0075,,
0.412,53,15.3,19.9,0.0075,,
0.4205,54,16,19.9,0.0075,,
0.429,55,16.9,19.9,0.0075,,
0.4365,56,17.7,19.9,0.0075,,
0.445,57,18.5,19.9,0.0075,,
0.4535,58,19.3,19.9,0.0075,,
0.462,59,20.1,19.9,0.0075,,
0.4705,60,21,19.9,0.0075,,
0.4785,61,21.8,19.9,0.0075,,
0.4865,62,22.6,19.9,0.008,,
0.495,63,23.4,19.9,0.0075,,
0.503,64,24.2,19.9,0.0075,,
0.5115,65,24.9,19.9,0.0075,,
0.52,66,25.9,19.9,0.0075,,
0.5285,67,26.6,19.9,0.0075,,
0.536,68,27.2,19.9,0.0075,,
0.5445,69,28.1,19.9,0.0075,,
0.553,70,28.8,19.9,0.0075,,
0.5615,71,29.7,19.9,0.0075,,
0.5695,72,30.5,19.9,0.0075,,
0.578,73,31.2,20,0.0085,,
0.5855,74,32,20,0.007,,
0.594,75,32.8,20,0.0075,,
0.6025,76,33.6,19.9,0.0075,,
0.611,77,34.4,20,0.0075,,
0.6195,78,35.1,20,0.0075,,
0.6275,79,35.8,20,0.0065,,
0.6355,80,36.6,20,0.008,,
0.6435,81,37.4,20,0.0075,,
0.652,82,38.1,20,0.0075,,
0.6605,83,39,20,0.0075,,
0.669,84,39.8,20,0.0075,,
0.6775,85,40.6,20,0.0075,,
0.685,86,41.3,20,0.0075,,
0.6935,87,42.1,20,0.0075,,
0.702,88,42.9,20,0.0075,,
0.71,89,43.8,20,0.0075,,
0.7185,90,44.5,20,0.0075,,
0.727,91,45.2,20,0.0075,,
0.7345,92,46,20,0.0075,,
0.743,93,46.8,20,0.0075,,
0.7515,94,47.6,20,0.0075,,
0.76,95,48.5,20,0.0075,,
0.7685,96,49.2,20,0.0075,,
0.777,97,50,20,0.0075,,
0.7845,98,50.8,20,0.007,,
0.793,99,51.5,20,0.0075,,
0.801,100,52.3,20,0.0075,,
0.8095,101,53.2,20,0.0075,,
0.818,102,54,20,0.0075,,
0.8265,103,54.7,20,0.0085,,
0.834,104,55.7,20,0.007,,
0.8425,105,56.4,20,0.0075,,
0.851,106,57.3,20,0.0075,,
0.8595,107,58.1,20,0.0075,,
0.868,108,59,20,0.0075,,
0.876,109,59.8,20,0.008,,
0.884,110,60.6,20,0.0075,,
0.892,111,61.5,20,0.0075,,
0.9005,112,62.4,20,0.0075,,
0.909,113,63.3,20,0.0075,,
0.9175,114,64.2,20,0.0075,,
0.925,115,65,20,0.0075,,
0.9335,116,66,20,0.0075,,
0.942,117,66.9,20,0.0075,,
0.9505,118,67.9,20,0.0075,,
0.9585,119,68.8,20,0.0075,,
0.967,120,69.8,20,0.0075,,
0.9755,121,70.7,20,0.0085,,
0.983,122,71.7,20,0.007,,
0.9915,123,72.7,20,0.0075,,
1,124,73.8,20,0.0075,,
1.0085,125,74.9,20,0.0075,,
1.017,126,75.8,20,0.0075,,
1.025,127,76.9,20,0.008,,
1.033,128,78.1,20,0.0075,,
1.041,129,79.2,20,0.0075,,
1.0495,130,80.4,20,0.0075,,
1.058,131,81.5,20,0.0075,,
1.0665,132,82.8,20,0.0075,,
1.074,133,83.8,20,0.0075,,
1.0825,134,85.1,20,0.0075,,
1.091,135,86.5,20,0.0075,,
1.0995,136,87.8,20,0.0075,,
1.108,137,89.2,20,0.0075,,
1.116,138,90.6,20,0.0075,,
1.124,139,91.9,20,0.008,,
1.132,140,93.5,20,0.0075,,
1.1405,141,95.1,20,0.0075,,
1.149,142,97,20,0.0075,,
1.1575,143,99,20,0.0075,,
1.166,144,100.7,20,0.0075,,
1.1735,145,102.4,20,0.007,,
1.182,146,104.2,20,0.0075,,
1.1905,147,106.3,20,0.0075,,
1.199,148,108.5,20,0.0075,,
1.207,149,110.8,20,0.0075,,
1.2155,150,113.4,20,0.0075,,
1.223,151,115.9,20,0.0075,,
1.2315,152,118.8,20,0.0075,,
1.24,153,122,20,0.0075,,
1.2485,154,125,20,0.0075,,
1.257,155,128.4,20,0.0075,,
1.265,156,131.7,20,0.0075,,
1.273,157,135.1,20,0.008,,
1.281,158,138.8,20,0.0075,,
1.2895,159,142.7,20,0.0075,,
1.298,160,146.4,20,0.0075,,
1.3065,161,150,20,0.0075,,
1.315,162,153.8,20,0.0075,,
1.3225,163,156.9,20,0.0075,,
1.331,164,160.2,20,0.0075,,
1.3395,165,163.3,20,0.0075,,
1.348,166,166.2,20,0.0075,,
1.356,167,168.9,20,0.0075,,
1.3645,168,171.4,20,0.0075,,
1.372,169,173.5,20,0.0075,,
1.3805,170,175.6,20,0.0075,,
1.389,171,177.6,20,0.0075,,
1.3975,172,179.5,20,0.0075,,
1.406,173,181.4,20,0.0075,,
1.4145,174,183,20,0.0075,,
1.422,175,184.5,20,0.007,,
1.4265,176,185,20,0.0065,,
1.4265,416,188.7,20.1,0,,
1.427,417,188.7,20.1,0.0005,,
1.4285,418,188.7,20.1,0.002,,
1.431,419,188.7,20.1,0.003,,
1.435,420,189,20.1,0.0045,,
1.4415,421,189.7,20.1,0.007,,
1.45,422,190.6,20.1,0.0095,,
1.4575,423,191.7,20.1,0.0095,,
1.466,424,192.8,20.1,0.0095,,
1.4745,425,193.9,20.1,0.0095,,
1.4825,426,194.9,20.1,0.009,,
1.491,427,195.9,20.1,0.0095,,
1.4995,428,196.9,20.1,0.0095,,
1.507,429,197.6,20.1,0.0095,,
1.5155,430,198.6,20.1,0.0105,,
1.524,431,199.5,20.1,0.0105,,
1.5325,432,200.5,20.1,0.0095,,
1.541,433,201.3,20.1,0.0095,,
1.549,434,202.1,20.1,0.009,,
1.557,435,202.7,20.1,0.01,,
1.565,436,203.6,20.1,0.01,,
1.5735,437,204.3,20.1,0.0105,,
1.582,438,205,20.1,0.0095,,
1.5905,439,205.6,20.1,0.0095,,
1.599,440,206.3,20.1,0.0095,,
1.6065,441,207,20.1,0.0095,,
1.615,442,207.6,20.1,0.0105,,
1.6235,443,208.2,20.1,0.0105,,
1.6315,444,208.8,20.1,0.009,,
1.64,445,209.4,20.1,0.0095,,
1.6485,446,210.1,20.1,0.0095,,
1.656,447,210.5,20.1,0.0095,,
1.6645,448,211.1,20.1,0.0105,,
1.673,449,211.7,20.1,0.0095,,
1.6815,450,212.2,20.1,0.0095,,
1.69,451,212.8,20.1,0.0095,,
1.6985,452,213.2,20.1,0.0105,,
1.706,453,213.7,20.1,0.0095,,
1.7145,454,214.2,20.1,0.0105,,
1.7225,455,214.7,20.1,0.009,,
1.731,456,215.2,20.1,0.0095,,
1.7395,457,215.7,20.1,0.0095,,
1.748,458,216,20.1,0.0105,,
1.7555,459,216.6,20.1,0.0095,,
1.764,460,217.1,20.1,0.0105,,
1.7725,461,217.4,20.1,0.0095,,
1.781,462,217.9,20.1,0.0095,,
1.7895,463,218.2,20.1,0.0095,,
1.7975,464,218.7,20.1,0.01,,
1.8055,465,219.1,20.1,0.01,,
1.8135,466,219.5,20.1,0.01,,
1.822,467,219.9,20.1,0.0095,,
1.8305,468,220.2,20.1,0.0095,,
1.839,469,220.6,20.1,0.0095,,
1.8465,470,220.9,20.1,0.0095,,
1.855,471,221.3,20.2,0.0105,,
1.8635,472,221.8,20.1,0.0105,,
1.872,473,222.1,20.1,0.0095,,
1.88,474,222.4,20.2,0.009,,
1.8885,475,222.7,20.2,0.0095,,
1.897,476,223.1,20.2,0.0105,,
1.9045,477,223.5,20.2,0.0095,,
1.913,478,223.8,20.2,0.0105,,
1.9215,479,224.2,20.2,0.0095,,
1.93,480,224.4,20.2,0.0095,,
1.9385,481,224.8,20.2,0.0095,,
1.946,482,225,20.2,0.0095,,
1.9545,483,225.4,20.2,0.0105,,
1.9625,484,225.7,20.2,0.01,,
1.971,485,226.1,20.2,0.0095,,
1.9795,486,226.4,20.2,0.0095,,
1.988,487,226.6,20.2,0.0095,,
1.9955,488,226.9,20.2,0.0095,,
2.004,489,227.2,20.2,0.0105,,
2.0125,490,227.5,20.2,0.0105,,
2.021,491,227.8,20.2,0.0095,,
2.0295,492,228,20.2,0.0095,,
2.0375,493,228.3,20.2,0.009,,
2.0455,494,228.6,20.2,0.01,,
2.0535,495,228.9,20.2,0.01,,
2.062,496,229.2,20.2,0.0105,,
2.0705,497,229.4,20.2,0.0095,,
2.079,498,229.7,20.2,0.0095,,
2.0875,499,230,20.2,0.0095,,
2.095,500,230.2,20.2,0.0095,,
2.1035,501,230.4,20.2,0.0105,,
2.112,502,230.7,20.2,0.0105,,
2.12,503,231,20.2,0.009,,
2.1285,504,231.2,20.2,0.0095,,
2.137,505,231.4,20.2,0.0095,,
2.1445,506,231.7,20.2,0.0095,,
2.153,507,231.9,20.2,0.0105,,
2.1615,508,232.2,20.2,0.0105,,
2.17,509,232.4,20.2,0.0095,,
2.1785,510,232.6,20.2,0.0095,,
2.1865,511,232.9,20.2,0.009,,
2.1945,512,233.1,20.2,0.01,,
2.2025,513,233.4,20.2,0.01,,
2.211,514,233.5,20.2,0.0105,,
2.2195,515,233.8,20.2,0.0095,,
2.228,516,234,20.2,0.0095,,
2.236,517,234.2,20.2,0.009,,
2.24,518,234.4,20.2,0.005,,
2.2405,519,234.6,20.2,0.0005,,
2.241,520,234.5,20.2,0.0005,,
2.2425,521,234.5,20.2,0.0015,,
2.2445,522,234.6,20.2,0.002,,
2.2475,523,234.7,20.2,0.0035,,
2.2515,524,234.8,20.2,0.005,,
2.256,525,234.9,20.2,0.0055,,
2.2645,526,235,20.2,0.007,,
